Période;Couverture avant;Couverture après;Surface (ha)
2018-2021;Sols nus naturels;Zones imperméables, autres;69.0
2018-2021;Sols nus naturels;Sols nus naturels;31.5
2018-2021;Sols nus naturels;Zones bâties;17.3
2018-2021;Sols nus naturels;Zones non bâties, revêtues;15.2
2018-2021;Autre végétation;Sols nus naturels;8.9
2018-2021;Autre végétation;Zones imperméables, autres;7.9
2018-2021;Formations herbacées;Zones imperméables, autres;7.8
2018-2021;Formations ligneuses basses;Zones imperméables, autres;4.6
2021-2024;Sols nus naturels;Zones imperméables, autres;42.6
2021-2024;Sols nus naturels;Sols nus naturels;17.4
2021-2024;Sols nus naturels;Zones bâties;14.3
2021-2024;Formations ligneuses basses;Zones imperméables, autres;14.0
2021-2024;Formations herbacées;Zones imperméables, autres;13.8
2021-2024;Sols nus naturels;Zones non bâties, revêtues;7.2
2021-2024;Formations ligneuses hautes;Zones imperméables, autres;5.9
2021-2024;Formations herbacées;Sols nus naturels;3.2
