Enjeu;Levier de compétence;Sens;Voie;Durée;Horizon;Intensité (1 à 4);Justification
Artificialisation et occupation du sol;Habitat et logement;négatif;direct;permanent;2030;3;La production de logements sur un territoire qui gagne des habitants est le premier moteur de consommation d'espace. Mesuré : solde net de 78,3 ha sur 2021-2024.
Artificialisation et occupation du sol;Mobilités et transports;négatif;direct;permanent;2040;2;Les infrastructures et leurs emprises annexes artificialisent durablement. Le flux mesuré « sols nus naturels vers zones imperméables » domine les transferts.
Artificialisation et occupation du sol;Urbanisme et aménagement;positif;direct;permanent;2030;3;C'est le levier qui peut infléchir la trajectoire, par les règles d'urbanisme et la mobilisation du foncier déjà artificialisé. La désartificialisation mesurée, 66,1 ha sur 2021-2024, montre que le levier opère déjà.
Artificialisation et occupation du sol;Développement économique;négatif;direct;permanent;2040;2;Les zones d'activité consomment des surfaces importantes par emploi créé.
Artificialisation et occupation du sol;Préservation des ressources et de l'espace;positif;direct;permanent;2050;3;Levier direct de l'objectif de sobriété foncière, à l'échelle où l'évaluation le mesure.
Climat — adaptation aux vagues de chaleur;Habitat et logement;positif;indirect;permanent;2040;2;La rénovation du bâti réduit l'inconfort d'été, sans agir sur l'îlot de chaleur extérieur.
Climat — adaptation aux vagues de chaleur;Urbanisme et aménagement;positif;direct;permanent;2040;3;La place du végétal et la désimperméabilisation agissent directement sur la température ressentie. Mesuré : indice de végétation de 0,429 en moyenne, et 26,1 % de surface à végétation faible sur la commune-centre.
Climat — adaptation aux vagues de chaleur;Mobilités et transports;positif;indirect;permanent;2040;2;La réduction des surfaces de voirie et de stationnement libère de l'emprise mobilisable pour le végétal.
Climat — adaptation aux vagues de chaleur;Ressource en eau et GEMAPI;négatif;indirect;temporaire;2030;2;L'arrosage nécessaire au maintien du couvert végétal en période de canicule entre en tension avec la ressource, dans un territoire que le cahier des charges signale déjà sous tension. Point de vigilance sur la maladaptation.
Climat — adaptation aux vagues de chaleur;Préservation des ressources et de l'espace;positif;direct;permanent;2050;3;La préservation des espaces naturels périurbains maintient les apports de fraîcheur vers le tissu urbain.
Risques naturels;Urbanisme et aménagement;positif;direct;permanent;2030;3;Maîtrise de l'exposition par les règles de constructibilité. Mesuré : 19 des 31 communes relèvent du territoire à risque important d'inondation Montpellier-Lunel-Mauguio.
Risques naturels;Ressource en eau et GEMAPI;positif;direct;permanent;2040;3;Compétence directe sur la prévention des inondations, qui concerne 22 communes sur 31.
Risques naturels;Habitat et logement;négatif;indirect;permanent;2040;2;La densification en zone déjà exposée augmente le nombre de personnes exposées à aléa constant.
Risques naturels;Préservation des ressources et de l'espace;positif;indirect;permanent;2050;2;Le maintien des espaces ouverts entretient les capacités d'expansion des crues et limite l'aléa de retrait-gonflement des argiles.
