nom;code;population;surface;surface_commune_ha;artif_2018-2021_ha;desartif_2018-2021_ha;net_2018-2021_ha;net_2018-2021_pct;artif_2021-2024_ha;desartif_2021-2024_ha;net_2021-2024_ha;net_2021-2024_pct;tendance_ha;ndvi_moyen;part_vegetation_faible_pct;densite_hab_km2;vulnerabilite_chaleur;risques;nb_risques;tri;sismicite
Baillargues;34022;7829;781.77;781.9;12.95;7.28;5.67;0.725;5.52;0.09;5.43;0.694;-0.24;0.351;23.9;1002.0;82.3;Feu de forêt · Inondation · Mouvement de terrain · Séisme · Tempête;5;;2 - FAIBLE
Beaulieu;34027;2264;789.21;789.3;1.24;1.35;-0.11;-0.014;0.51;0.0;0.51;0.065;0.62;0.486;5.2;287.0;19.4;Feu de forêt · Mouvement de terrain · Séisme · Tempête;4;;2 - FAIBLE
Castelnau-le-Lez;34057;26058;1110.55;1110.8;6.68;6.15;0.53;0.048;7.64;0.0;7.64;0.688;7.11;0.371;16.7;2349.0;80.6;Feu de forêt · Inondation · Mouvement de terrain · Séisme · Tempête;5;Montpellier-Lunel-Mauguio;2 - FAIBLE
Castries;34058;6883;2412.12;2412.5;4.59;4.66;-0.07;-0.003;6.49;14.74;-8.25;-0.342;-8.18;0.487;8.4;286.0;35.5;Feu de forêt · Inondation · Mouvement de terrain · Séisme · Tempête;5;;2 - FAIBLE
Clapiers;34077;6006;764.63;764.8;3.23;1.69;1.54;0.201;5.12;0.0;5.12;0.669;3.58;0.493;7.1;786.0;51.6;Feu de forêt · Inondation · Mouvement de terrain · Séisme · Tempête;5;Montpellier-Lunel-Mauguio;2 - FAIBLE
Cournonsec;34087;3616;1217.95;1218.4;6.19;0.71;5.48;0.45;1.81;1.76;0.05;0.004;-5.43;0.423;9.9;297.0;45.2;Feu de forêt · Mouvement de terrain · Séisme · Tempête;4;;2 - FAIBLE
Cournonterral;34088;7359;2883.75;2884.8;5.88;3.6;2.28;0.079;10.45;2.48;7.97;0.276;5.69;0.503;6.8;255.0;21.0;Feu de forêt · Inondation · Mouvement de terrain · Séisme · Tempête;5;Montpellier-Lunel-Mauguio;2 - FAIBLE
Le Crès;34090;9226;581.25;581.4;1.08;0.13;0.95;0.163;0.02;2.74;-2.72;-0.468;-3.67;0.356;19.6;1589.0;83.9;Feu de forêt · Mouvement de terrain · Séisme · Tempête;4;Montpellier-Lunel-Mauguio;2 - FAIBLE
Fabrègues;34095;7447;3199.01;3200.3;9.84;0.12;9.72;0.304;6.8;0.83;5.97;0.187;-3.75;0.458;9.3;233.0;33.9;Feu de forêt · Inondation · Mouvement de terrain · Séisme · Tempête;5;Montpellier-Lunel-Mauguio;2 - FAIBLE
Grabels;34116;9092;1658.31;1658.7;3.78;2.64;1.14;0.069;30.12;0.82;29.3;1.766;28.16;0.521;7.0;549.0;41.9;Feu de forêt · Inondation · Mouvement de terrain · Séisme · Tempête;5;Montpellier-Lunel-Mauguio;2 - FAIBLE
Jacou;34120;6924;334.76;334.8;0.65;0.02;0.63;0.188;0.13;0.0;0.13;0.039;-0.5;0.35;19.5;2070.0;83.9;Feu de forêt · Inondation · Mouvement de terrain · Séisme · Tempête;5;Montpellier-Lunel-Mauguio;2 - FAIBLE
Juvignac;34123;14055;1090.36;1090.7;0.2;0.0;0.2;0.018;3.91;0.02;3.89;0.357;3.69;0.466;9.5;1290.0;72.6;Feu de forêt · Inondation · Mouvement de terrain · Séisme · Tempête;5;Montpellier-Lunel-Mauguio;2 - FAIBLE
Lattes;34129;17351;3224.0;3225.1;46.54;17.08;29.46;0.913;6.98;16.23;-9.25;-0.287;-38.71;0.374;19.2;539.0;59.7;Feu de forêt · Inondation · Mouvement de terrain · Tempête;4;Montpellier-Lunel-Mauguio;1 - TRES FAIBLE
Lavérune;34134;3302;716.03;716.3;0.62;0.5;0.12;0.017;0.21;0.45;-0.24;-0.034;-0.36;0.433;8.3;462.0;46.8;Inondation · Mouvement de terrain · Séisme · Tempête;4;Montpellier-Lunel-Mauguio;2 - FAIBLE
Montaud;34164;1014;1301.75;1301.9;0.43;0.29;0.14;0.011;1.1;0.0;1.1;0.084;0.96;0.511;4.0;78.0;4.0;Feu de forêt · Mouvement de terrain · Séisme · Tempête;4;;2 - FAIBLE
Montferrier-sur-Lez;34169;4135;760.52;760.7;6.05;0.76;5.29;0.695;5.69;0.14;5.55;0.73;0.26;0.542;4.0;544.0;28.2;Feu de forêt · Inondation · Mouvement de terrain · Séisme · Tempête;5;Montpellier-Lunel-Mauguio;2 - FAIBLE
Montpellier;34172;310240;5709.7;5711.3;42.52;11.94;30.58;0.535;25.28;11.38;13.9;0.243;-16.68;0.346;26.1;5439.0;96.8;Feu de forêt · Inondation · Mouvement de terrain · Séisme · Tempête;5;Montpellier-Lunel-Mauguio;2 - FAIBLE
Murviel-lès-Montpellier;34179;2075;1011.28;1011.6;8.1;0.61;7.49;0.74;0.02;0.02;0.0;0.0;-7.49;0.542;6.7;205.0;15.3;Feu de forêt · Mouvement de terrain · Séisme · Tempête;4;;2 - FAIBLE
Pérols;34198;9615;865.05;865.4;4.69;0.25;4.44;0.513;0.56;0.34;0.22;0.025;-4.22;0.295;30.0;1113.0;91.9;Inondation · Mouvement de terrain · Tempête;3;Montpellier-Lunel-Mauguio;1 - TRES FAIBLE
Pignan;34202;8431;2053.56;2054.2;3.71;2.22;1.49;0.073;3.0;0.0;3.0;0.146;1.51;0.456;8.2;411.0;40.3;Feu de forêt · Inondation · Mouvement de terrain · Séisme · Tempête;5;Montpellier-Lunel-Mauguio;2 - FAIBLE
Prades-le-Lez;34217;6184;878.49;878.6;2.06;0.0;2.06;0.234;0.59;0.82;-0.23;-0.026;-2.29;0.507;4.5;705.0;37.1;Feu de forêt · Inondation · Mouvement de terrain · Séisme · Tempête;5;Montpellier-Lunel-Mauguio;2 - FAIBLE
Restinclières;34227;2612;626.72;626.8;4.07;1.4;2.67;0.426;2.55;0.0;2.55;0.407;-0.12;0.418;7.9;417.0;40.3;Feu de forêt · Mouvement de terrain · Séisme · Tempête;4;;2 - FAIBLE
Saint-Brès;34244;3623;479.63;479.7;1.61;2.85;-1.24;-0.258;4.51;0.0;4.51;0.94;5.75;0.341;23.4;756.0;75.8;Feu de forêt · Mouvement de terrain · Séisme · Tempête;4;;2 - FAIBLE
Saint-Drézéry;34249;3006;1043.72;1043.8;4.52;0.9;3.62;0.347;2.22;1.45;0.77;0.074;-2.85;0.42;7.3;288.0;30.6;Feu de forêt · Inondation · Mouvement de terrain · Séisme · Tempête;5;;2 - FAIBLE
Saint-Geniès-des-Mourgues;34256;2148;1094.73;1094.9;1.13;0.15;0.98;0.09;0.83;3.5;-2.67;-0.244;-3.65;0.466;7.6;196.0;22.6;Feu de forêt · Inondation · Mouvement de terrain · Séisme · Tempête;5;;2 - FAIBLE
Saint-Georges-d'Orques;34259;5676;932.56;932.8;0.47;0.87;-0.4;-0.043;0.47;0.35;0.12;0.013;0.52;0.469;6.7;609.0;41.1;Feu de forêt · Mouvement de terrain · Séisme · Tempête;4;;2 - FAIBLE
Saint-Jean-de-Védas;34270;13328;1316.2;1316.7;7.79;1.08;6.71;0.51;3.78;0.02;3.76;0.286;-2.95;0.365;21.3;1014.0;80.6;Feu de forêt · Inondation · Mouvement de terrain · Séisme · Tempête;5;Montpellier-Lunel-Mauguio;2 - FAIBLE
Saussan;34295;2069;360.35;360.5;7.12;0.6;6.52;1.809;2.79;0.0;2.79;0.774;-3.73;0.372;16.9;575.0;62.9;Inondation · Mouvement de terrain · Séisme · Tempête;4;Montpellier-Lunel-Mauguio;2 - FAIBLE
Sussargues;34307;2840;644.93;645.0;0.65;1.65;-1.0;-0.155;1.29;0.0;1.29;0.2;2.29;0.476;4.8;441.0;27.4;Feu de forêt · Inondation · Mouvement de terrain · Séisme · Tempête;5;;2 - FAIBLE
Vendargues;34327;7262;919.02;919.2;1.49;3.74;-2.25;-0.245;0.73;7.96;-7.23;-0.787;-4.98;0.356;27.5;791.0;85.5;Feu de forêt · Mouvement de terrain · Séisme · Tempête;4;Montpellier-Lunel-Mauguio;2 - FAIBLE
Villeneuve-lès-Maguelone;34337;10872;3118.9;3120.2;1.54;1.57;-0.03;-0.001;3.29;0.0;3.29;0.105;3.32;0.335;24.9;349.0;61.3;Feu de forêt · Inondation · Mouvement de terrain · Séisme · Tempête;5;Montpellier-Lunel-Mauguio;2 - FAIBLE
